date,forecast,lower_bound,upper_bound,model_used
2025-01-01,204950.6,105556.3,304344.91,Random Forest
2025-01-02,176399.83,75514.61,277285.05,Random Forest
2025-01-03,165481.89,63105.76,267858.02,Random Forest
2025-01-04,170421.56,66554.51,274288.6,Random Forest
2025-01-05,167297.44,61939.48,272655.41,Random Forest
2025-01-06,133701.11,26852.24,240549.99,Random Forest
2025-01-07,131824.93,23485.13,240164.72,Random Forest
2025-01-08,131855.97,22025.26,241686.68,Random Forest
2025-01-09,132505.37,21183.75,243826.99,Random Forest
2025-01-10,148447.54,35635.0,261260.07,Random Forest
2025-01-11,172760.18,58456.73,287063.63,Random Forest
2025-01-12,181446.43,65652.07,297240.8,Random Forest
2025-01-13,121806.27,4520.99,239091.55,Random Forest
2025-01-14,123847.7,5071.51,242623.9,Random Forest
2025-01-15,126083.62,5816.51,246350.73,Random Forest
2025-01-16,124389.37,2631.35,246147.39,Random Forest
2025-01-17,142889.05,19640.11,266137.99,Random Forest
2025-01-18,165463.92,40724.07,290203.78,Random Forest
2025-01-19,163208.14,36977.38,289438.91,Random Forest
2025-01-20,119548.56,0.0,247270.24,Random Forest
2025-01-21,121441.63,0.0,250654.23,Random Forest
2025-01-22,126911.56,0.0,257615.07,Random Forest
2025-01-23,122529.52,0.0,254723.94,Random Forest
2025-01-24,144400.86,10715.52,278086.2,Random Forest
2025-01-25,170429.08,35252.83,305605.34,Random Forest
2025-01-26,170982.03,34314.86,307649.2,Random Forest
2025-01-27,126585.29,0.0,264743.38,Random Forest
2025-01-28,125888.38,0.0,265537.38,Random Forest
2025-01-29,127560.84,0.0,268700.75,Random Forest
2025-01-30,121070.66,0.0,263701.49,Random Forest
